Suite/Test/Step Name,Browser,Description,Tag,Start time,End time,Duration,Status
Amazon_TestSuite_Login_TListener,Chrome 121.0.0.0,,,08-02-2024 01:32:46,08-02-2024 01:33:07,21.000s,ERROR
,,,,,,,
Test Cases/Amazon/TC_Amazon_Login_001,Chrome 121.0.0.0,,,08-02-2024 01:33:03,08-02-2024 01:33:07,4.254s,ERROR
Start listener action : sampleBeforeTestCase,Chrome 121.0.0.0,,,08-02-2024 01:33:03,08-02-2024 01:33:05,1.835s,PASSED
"openBrowser("""")",Chrome 121.0.0.0,,,08-02-2024 01:33:05,08-02-2024 01:33:06,0.648s,PASSED
"navigateToUrl(""https://www.amazon.com/"")",Chrome 121.0.0.0,,,08-02-2024 01:33:06,08-02-2024 01:33:07,1.627s,PASSED
"com.test.demo.AmazonPage.CheckDropElementKtalon(findTestObject(""Amazon_Login_OR/Page_Amazon.com. Spend less. Smile more/span_Sign in""), """")",Chrome 121.0.0.0,,,08-02-2024 01:33:07,08-02-2024 01:33:07,0.023s,ERROR
Start listener action : sampleAfterTestCase,Chrome 121.0.0.0,,,08-02-2024 01:33:07,08-02-2024 01:33:07,0.089s,PASSED
