Suite/Test/Step Name,Browser,Description,Tag,Start time,End time,Duration,Status
Amazon_Login_TestListener,Chrome 121.0.0.0,,,04-02-2024 13:02:47,04-02-2024 13:04:28,1m - 40.518s,FAILED
,,,,,,,
Test Cases/Amazon/TC_Amazon_Login_001,Chrome 121.0.0.0,,,04-02-2024 13:03:46,04-02-2024 13:04:28,41.370s,FAILED
Start listener action : sampleBeforeTestCase,Chrome 121.0.0.0,,,04-02-2024 13:03:46,04-02-2024 13:03:49,2.638s,PASSED
"openBrowser("""")",Chrome 121.0.0.0,,,04-02-2024 13:03:49,04-02-2024 13:03:50,0.989s,PASSED
"navigateToUrl(""https://www.amazon.com/"")",Chrome 121.0.0.0,,,04-02-2024 13:03:50,04-02-2024 13:03:51,1.441s,PASSED
"click(findTestObject(""Object Repository/Amazon_Login_OR/Page_Amazon.com. Spend less. Smile more/span_Sign in""))",Chrome 121.0.0.0,,,04-02-2024 13:03:51,04-02-2024 13:04:28,36.019s,FAILED
Start listener action : sampleAfterTestCase,Chrome 121.0.0.0,,,04-02-2024 13:04:28,04-02-2024 13:04:28,0.239s,PASSED
