Suite/Test/Step Name,Browser,Description,Tag,Start time,End time,Duration,Status
Amazon_TestSuite_ValidateSearchFieldItem_002,Chrome 121.0.0.0,,,04-02-2024 01:17:28,04-02-2024 01:17:48,20.930s,PASSED
,,,,,,,
Test Cases/Amazon/TC_Amazon_ValidateSearchFieldItem_002,Chrome 121.0.0.0,,,04-02-2024 01:17:28,04-02-2024 01:17:48,20.766s,PASSED
"openBrowser("""")",Chrome 121.0.0.0,,,04-02-2024 01:17:28,04-02-2024 01:17:29,1.405s,PASSED
"navigateToUrl(""https://www.amazon.com/"")",Chrome 121.0.0.0,,,04-02-2024 01:17:29,04-02-2024 01:17:31,1.363s,PASSED
"selectOptionByValue(findTestObject(""Object Repository/Amazon_ValidateSearchFieldItem_OR/Page_Amazon.com. Spend less. Smile more/select_All Departments        Arts  Crafts _135c92""), ""search-alias=stripbooks-intl-ship"", true)",Chrome 121.0.0.0,,,04-02-2024 01:17:31,04-02-2024 01:17:42,11.412s,PASSED
"setText(findTestObject(""Object Repository/Amazon_ValidateSearchFieldItem_OR/Page_Amazon.com. Spend less. Smile more/input_field-keywords""), ""Da vinci code"")",Chrome 121.0.0.0,,,04-02-2024 01:17:42,04-02-2024 01:17:44,1.688s,PASSED
"click(findTestObject(""Object Repository/Amazon_ValidateSearchFieldItem_OR/Page_Amazon.com. Spend less. Smile more/inputnav-search-submit-button""))",Chrome 121.0.0.0,,,04-02-2024 01:17:44,04-02-2024 01:17:48,4.481s,PASSED
closeBrowser(),Chrome 121.0.0.0,,,04-02-2024 01:17:48,04-02-2024 01:17:48,0.228s,PASSED
