Suite/Test/Step Name,Browser,Description,Tag,Start time,End time,Duration,Status
Amazon_Login_Tlistener,Chrome 121.0.0.0,,,08-02-2024 01:40:33,08-02-2024 01:40:51,18.409s,ERROR
,,,,,,,
Test Cases/Amazon/TC_Amazon_Login_001,Chrome 121.0.0.0,,,08-02-2024 01:40:47,08-02-2024 01:40:51,4.516s,ERROR
Start listener action : sampleBeforeTestCase,Chrome 121.0.0.0,,,08-02-2024 01:40:47,08-02-2024 01:40:49,1.825s,PASSED
"openBrowser("""")",Chrome 121.0.0.0,,,08-02-2024 01:40:49,08-02-2024 01:40:50,0.714s,PASSED
"navigateToUrl(""https://www.amazon.com/"")",Chrome 121.0.0.0,,,08-02-2024 01:40:50,08-02-2024 01:40:51,1.809s,PASSED
"com.test.demo.AmazonPage.CheckDropElementKtalon(findTestObject(""Amazon_Login_OR/Page_Amazon.com. Spend less. Smile more/span_Sign in""), """")",Chrome 121.0.0.0,,,08-02-2024 01:40:51,08-02-2024 01:40:51,0.023s,ERROR
Start listener action : sampleAfterTestCase,Chrome 121.0.0.0,,,08-02-2024 01:40:51,08-02-2024 01:40:51,0.121s,PASSED
